period,n,first_origin,last_origin,model,a,a_se,b,b_se,wald_p_a0_b1,r2
2005-latest,5450,2005-01-03,2026-09-01,naive,0.0169733,0.00420361,0.531832,0.13465,0.000185396,0.28285
2005-latest,5450,2005-01-03,2026-09-01,ewma,0.0135619,0.00386659,0.626093,0.130921,0.00171034,0.304985
2005-latest,5450,2005-01-03,2026-09-01,garch,0.0126614,0.00418685,0.598476,0.126964,0.00397769,0.323633
2005-latest,5450,2005-01-03,2026-09-01,har,0.00745478,0.00477225,0.756968,0.152912,0.252981,0.315388
2005-2012,2013,2005-01-03,2012-12-31,naive,0.0139288,0.00470605,0.718108,0.131723,0.00916214,0.516079
2005-2012,2013,2005-01-03,2012-12-31,ewma,0.0113884,0.00558499,0.770017,0.166057,0.125057,0.503234
2005-2012,2013,2005-01-03,2012-12-31,garch,0.0101274,0.00565765,0.772032,0.160234,0.194761,0.510517
2005-2012,2013,2005-01-03,2012-12-31,har,0.00587755,0.00795831,0.902489,0.225869,0.720791,0.464932
2013-2019,1762,2013-01-02,2019-12-31,naive,0.0112,0.00174847,0.319755,0.0879587,1.03159e-14,0.101834
2013-2019,1762,2013-01-02,2019-12-31,ewma,0.00963233,0.00199952,0.413307,0.110597,2.96763e-07,0.120985
2013-2019,1762,2013-01-02,2019-12-31,garch,0.00830742,0.00209599,0.396705,0.0933642,2.43095e-10,0.136267
2013-2019,1762,2013-01-02,2019-12-31,har,0.00578906,0.00241202,0.464547,0.097744,2.07292e-10,0.12947
2020-latest,1675,2020-01-02,2026-09-01,naive,0.0295539,0.00751948,0.28781,0.107964,6.8742e-14,0.0828508
2020-latest,1675,2020-01-02,2026-09-01,ewma,0.0255176,0.00715023,0.385562,0.128391,3.44694e-08,0.101563
2020-latest,1675,2020-01-02,2026-09-01,garch,0.0234922,0.00647568,0.393768,0.102351,6.49737e-12,0.149145
2020-latest,1675,2020-01-02,2026-09-01,har,0.0189472,0.00650642,0.538854,0.13673,0.000123021,0.151905
