period,n,first_origin,last_origin,loss,model,benchmark,mean_diff,dm_stat,p_one_sided,p_bonferroni
2005-latest,5450,2005-01-03,2026-09-01,qlike,ewma,naive,-0.0699411,-2.81764,0.00241891,0.00725674
2005-latest,5450,2005-01-03,2026-09-01,qlike,garch,naive,-0.17238,-4.99757,2.90279e-07,8.70837e-07
2005-latest,5450,2005-01-03,2026-09-01,qlike,har,naive,-0.163661,-3.65977,0.000126219,0.000378657
2005-latest,5450,2005-01-03,2026-09-01,qlike,garch,ewma,-0.102439,-2.88029,0.00198657,
2005-latest,5450,2005-01-03,2026-09-01,qlike,har,ewma,-0.0937194,-2.10868,0.0174859,
2005-latest,5450,2005-01-03,2026-09-01,mse,ewma,naive,-0.000847243,-1.20283,0.114521,0.343563
2005-latest,5450,2005-01-03,2026-09-01,mse,garch,naive,-0.000720552,-1.26501,0.102934,0.308802
2005-latest,5450,2005-01-03,2026-09-01,mse,har,naive,-0.00139803,-1.37926,0.0839073,0.251722
2005-latest,5450,2005-01-03,2026-09-01,mse,garch,ewma,0.000126691,0.30065,0.618159,
2005-latest,5450,2005-01-03,2026-09-01,mse,har,ewma,-0.000550782,-1.38017,0.0837671,
2005-2012,2013,2005-01-03,2012-12-31,qlike,ewma,naive,-0.0473716,-2.38874,0.00845323,0.0253597
2005-2012,2013,2005-01-03,2012-12-31,qlike,garch,naive,-0.0886466,-3.10349,0.000956276,0.00286883
2005-2012,2013,2005-01-03,2012-12-31,qlike,har,naive,-0.0620298,-1.34438,0.0894132,0.268239
2005-2012,2013,2005-01-03,2012-12-31,qlike,garch,ewma,-0.041275,-2.39514,0.00830698,
2005-2012,2013,2005-01-03,2012-12-31,qlike,har,ewma,-0.0146581,-0.400427,0.344421,
2005-2012,2013,2005-01-03,2012-12-31,mse,ewma,naive,-0.000194269,-1.01569,0.154889,0.464668
2005-2012,2013,2005-01-03,2012-12-31,mse,garch,naive,-0.00026062,-1.3231,0.0929006,0.278702
2005-2012,2013,2005-01-03,2012-12-31,mse,har,naive,-0.000203186,-0.314042,0.376745,1
2005-2012,2013,2005-01-03,2012-12-31,mse,garch,ewma,-6.63508e-05,-0.730584,0.232517,
2005-2012,2013,2005-01-03,2012-12-31,mse,har,ewma,-8.91711e-06,-0.0163149,0.493492,
2013-2019,1762,2013-01-02,2019-12-31,qlike,ewma,naive,-0.154559,-3.59085,0.000164801,0.000494404
2013-2019,1762,2013-01-02,2019-12-31,qlike,garch,naive,-0.272307,-3.14314,0.00083573,0.00250719
2013-2019,1762,2013-01-02,2019-12-31,qlike,har,naive,-0.269362,-2.45932,0.00696009,0.0208803
2013-2019,1762,2013-01-02,2019-12-31,qlike,garch,ewma,-0.117748,-1.98106,0.0237923,
2013-2019,1762,2013-01-02,2019-12-31,qlike,har,ewma,-0.114803,-1.36177,0.0866358,
2013-2019,1762,2013-01-02,2019-12-31,mse,ewma,naive,-6.5431e-05,-2.78927,0.00264131,0.00792394
2013-2019,1762,2013-01-02,2019-12-31,mse,garch,naive,-3.23548e-05,-1.49965,0.0668523,0.200557
2013-2019,1762,2013-01-02,2019-12-31,mse,har,naive,-4.42993e-05,-1.37749,0.0841803,0.252541
2013-2019,1762,2013-01-02,2019-12-31,mse,garch,ewma,3.30761e-05,1.67286,0.952823,
2013-2019,1762,2013-01-02,2019-12-31,mse,har,ewma,2.11316e-05,1.05289,0.853804,
2020-latest,1675,2020-01-02,2026-09-01,qlike,ewma,naive,-0.00805205,-0.131422,0.447721,1
2020-latest,1675,2020-01-02,2026-09-01,qlike,garch,naive,-0.167893,-3.13179,0.000868719,0.00260616
2020-latest,1675,2020-01-02,2026-09-01,qlike,har,naive,-0.174608,-2.59732,0.00469778,0.0140933
2020-latest,1675,2020-01-02,2026-09-01,qlike,garch,ewma,-0.159841,-1.68938,0.045573,
2020-latest,1675,2020-01-02,2026-09-01,qlike,har,ewma,-0.166556,-1.5919,0.0557038,
2020-latest,1675,2020-01-02,2026-09-01,mse,ewma,naive,-0.0024544,-1.08133,0.139775,0.419324
2020-latest,1675,2020-01-02,2026-09-01,mse,garch,naive,-0.00199724,-1.09149,0.137528,0.412584
2020-latest,1675,2020-01-02,2026-09-01,mse,har,naive,-0.00425801,-1.33836,0.0903892,0.271167
2020-latest,1675,2020-01-02,2026-09-01,mse,garch,ewma,0.000457163,0.334716,0.63108,
2020-latest,1675,2020-01-02,2026-09-01,mse,har,ewma,-0.00180361,-1.62922,0.0516332,
