period,n,first_origin,last_origin,model,qlike_mean,qlike_pct_vs_naive,mse_mean,mse_pct_vs_naive
2005-latest,5450,2005-01-03,2026-09-01,naive,0.530937,0,0.00598518,0
2005-latest,5450,2005-01-03,2026-09-01,ewma,0.460996,-13.1732,0.00513793,-14.1557
2005-latest,5450,2005-01-03,2026-09-01,garch,0.358556,-32.4672,0.00526462,-12.0389
2005-latest,5450,2005-01-03,2026-09-01,har,0.367276,-30.8249,0.00458715,-23.3581
2005-2012,2013,2005-01-03,2012-12-31,naive,0.361982,0,0.00502357,0
2005-2012,2013,2005-01-03,2012-12-31,ewma,0.31461,-13.0868,0.0048293,-3.86716
2005-2012,2013,2005-01-03,2012-12-31,garch,0.273335,-24.4893,0.00476295,-5.18795
2005-2012,2013,2005-01-03,2012-12-31,har,0.299952,-17.1362,0.00482038,-4.04467
2013-2019,1762,2013-01-02,2019-12-31,naive,0.634976,0,0.000376452,0
2013-2019,1762,2013-01-02,2019-12-31,ewma,0.480417,-24.3409,0.000311021,-17.381
2013-2019,1762,2013-01-02,2019-12-31,garch,0.36267,-42.8846,0.000344097,-8.59467
2013-2019,1762,2013-01-02,2019-12-31,har,0.365615,-42.4207,0.000332153,-11.7676
2020-latest,1675,2020-01-02,2026-09-01,naive,0.624542,0,0.0130409,0
2020-latest,1675,2020-01-02,2026-09-01,ewma,0.61649,-1.28927,0.0105865,-18.8208
2020-latest,1675,2020-01-02,2026-09-01,garch,0.456648,-26.8827,0.0110436,-15.3152
2020-latest,1675,2020-01-02,2026-09-01,har,0.449933,-27.9578,0.00878286,-32.6513
